{
    "k10": {
        "recall_all_all": 0.19736842105263158,
        "recall_all_any": 0.21052631578947367,
        "recall_any_all": 0.3157894736842105,
        "recall_any_any": 0.42105263157894735,
        "recall_flat": 0.2838032581453634
    },
    "k20": {
        "recall_all_all": 0.27631578947368424,
        "recall_all_any": 0.2894736842105263,
        "recall_any_all": 0.4605263157894737,
        "recall_any_any": 0.5921052631578947,
        "recall_flat": 0.38818922305764414
    }
}