{
    "k10": {
        "recall_all_all": 0.06111111111111111,
        "recall_all_any": 0.08888888888888889,
        "recall_any_all": 0.37222222222222223,
        "recall_any_any": 0.5,
        "recall_flat": 0.2228395061728395
    },
    "k20": {
        "recall_all_all": 0.07777777777777778,
        "recall_all_any": 0.11666666666666667,
        "recall_any_all": 0.5277777777777778,
        "recall_any_any": 0.6777777777777778,
        "recall_flat": 0.30664241622574956
    }
}