{
    "k10": {
        "recall_all_all": 0.04225352112676056,
        "recall_all_any": 0.1056338028169014,
        "recall_any_all": 0.33098591549295775,
        "recall_any_any": 0.528169014084507,
        "recall_flat": 0.22981220657276996
    },
    "k20": {
        "recall_all_all": 0.1267605633802817,
        "recall_all_any": 0.2323943661971831,
        "recall_any_all": 0.49295774647887325,
        "recall_any_any": 0.6549295774647887,
        "recall_flat": 0.3527079141515761
    }
}