{
    "k10": {
        "recall_all_all": 0.09345794392523364,
        "recall_all_any": 0.2803738317757009,
        "recall_any_all": 0.32710280373831774,
        "recall_any_any": 0.6915887850467289,
        "recall_flat": 0.35457509779939683
    },
    "k20": {
        "recall_all_all": 0.12149532710280374,
        "recall_all_any": 0.45794392523364486,
        "recall_any_all": 0.45794392523364486,
        "recall_any_any": 0.8317757009345794,
        "recall_flat": 0.46867177474654115
    }
}