{
    "k10": {
        "recall_all_all": 0.08974358974358974,
        "recall_all_any": 0.3717948717948718,
        "recall_any_all": 0.28205128205128205,
        "recall_any_any": 0.7435897435897436,
        "recall_flat": 0.3427706552706553
    },
    "k20": {
        "recall_all_all": 0.19230769230769232,
        "recall_all_any": 0.5897435897435898,
        "recall_any_all": 0.4358974358974359,
        "recall_any_any": 0.9102564102564102,
        "recall_flat": 0.5078708328708328
    }
}