{
    "k10": {
        "recall_all_all": 0.059880239520958084,
        "recall_all_any": 0.17365269461077845,
        "recall_any_all": 0.23952095808383234,
        "recall_any_any": 0.5389221556886228,
        "recall_flat": 0.23105758180608482
    },
    "k20": {
        "recall_all_all": 0.07784431137724551,
        "recall_all_any": 0.2275449101796407,
        "recall_any_all": 0.31736526946107785,
        "recall_any_any": 0.7065868263473054,
        "recall_flat": 0.3159738963631179
    }
}