{
    "k10": {
        "recall_all_all": 0.03636363636363636,
        "recall_all_any": 0.21818181818181817,
        "recall_any_all": 0.3,
        "recall_any_any": 0.5636363636363636,
        "recall_flat": 0.24625541125541126
    },
    "k20": {
        "recall_all_all": 0.10909090909090909,
        "recall_all_any": 0.2909090909090909,
        "recall_any_all": 0.4636363636363636,
        "recall_any_any": 0.7727272727272727,
        "recall_flat": 0.3894047619047619
    }
}